"variable","Freq","Mean_imp","Median_imp","se","MP_ID","gtdb_sp_name","ncbi_sp_name","mean_diff","dir","clean_names","dataset","Species"
"Abx.group",1,0.150310492063492,0.150013015873016,0.00101429504552539,NA,NA,NA,0.6,"C","Abx group","Vancomycin","VE303-01"
"treat.day.len.abx",1,0.182609134920636,0.182050396825398,0.000617032318175676,NA,NA,NA,7.41666666666667,"C","treat day len abx","Vancomycin","VE303-01"
"Abx.group",0.1,0.0046774531024531,0.0046774531024531,NA,NA,NA,NA,0.227272727272727,"C","Abx group","Cytokines","VE303-01"
"MIP.1d_Screening",0.3,0.0607835586635587,0.0809760495060496,0.0209604954670705,NA,NA,NA,-0.188253900046855,"NC","MIP 1d","Cytokines","VE303-01"
"TNFa_Screening",0.1,0.00136357864357864,0.00136357864357864,NA,NA,NA,NA,-0.0214401247740383,"NC","TNFa","Cytokines","VE303-01"
"total_abx_days_prescreen",0.3,0.0581591584341584,0.0792719153069153,0.0223359572417433,NA,NA,NA,-1.27272727272727,"NC","Total Days of Abx","Cytokines","VE303-01"
"Propionic.acid_Screening",0.8,0.0879279224247973,0.0923992044067041,0.00452710268184797,NA,NA,NA,-0.106730149472201,"NC","Propionic acid","SCFA","VE303-01"
"total_abx_days_prescreen",0.5,0.0897533707958707,0.090348204018204,0.00126465587462804,NA,NA,NA,-0.916666666666667,"NC","Total Days of Abx","SCFA","VE303-01"
"Abx.group",0.4,0.00686521291208792,0.00715122932622933,0.000760903867708783,NA,NA,NA,0.22463768115942,"C","Abx group","BA","VE303-01"
"Taurodeoxycholic.Acid_Screening",0.3,0.0132794474969475,0.012734943944944,0.0008717951465142,NA,NA,NA,-0.271222651742227,"NC","Taurodeoxycholic Acid","BA","VE303-01"
"abx_screen_status",0.1,0.00580649572649572,0.00580649572649572,NA,NA,NA,NA,0.0163043478260869,"C","abx_screen_status","BA","VE303-01"
"Eurotiomycetes_Screening",0.1,0.00148937229437229,0.00148937229437229,NA,NA,NA,NA,-2.41945965285507e-06,"NC","Eurotiomycetes","Mic_Class","VE303-01"
"total_abx_days_prescreen",0.4,0.0633852454489954,0.0678262631812631,0.0153404989917129,NA,NA,NA,-1.01818181818182,"NC","Total Days of Abx","Mic_Class","VE303-01"
"uncl_Class_of_Candidatus.Melainabacteria_Screening",0.8,0.0374505364080362,0.04612998029748,0.00671995636596064,NA,NA,NA,0.000781109375541787,"C","uncl_Class_of_Candidatus Melainabacteria","Mic_Class","VE303-01"
"Actinomycetales_Screening",0.6,0.0882087752062751,0.101395180652681,0.0138028494166183,NA,NA,NA,-0.00875197198578385,"NC","Actinomycetales","Mic_Order","VE303-01"
"uncl_Order_of_Candidatus.Melainabacteria_Screening",0.4,0.0347969216894216,0.0350401617826617,0.00729220520873111,NA,NA,NA,0.000781109375541787,"C","uncl_Order_of_Candidatus Melainabacteria","Mic_Order","VE303-01"
"Clostridioides_Screening",0.2,0.0448643764568764,0.0448643764568764,0.00177060800310799,NA,NA,NA,0.0069288855220932,"C","Clostridioides","Mic_Genus","VE303-01"
"Dialister_Screening",0.4,0.0721528475690975,0.0718520077145076,0.00769461902679577,NA,NA,NA,0.000635494202711296,"C","Dialister","Mic_Genus","VE303-01"
"Faecalimonas_Screening",0.4,0.0191335822510823,0.0169719386169387,0.00465896810156624,NA,NA,NA,0.000185525945000926,"C","Faecalimonas","Mic_Genus","VE303-01"
"Parabacteroides_Screening",0.1,0.0456713159063158,0.0456713159063158,NA,NA,NA,NA,-0.0311549363437205,"NC","Parabacteroides","Mic_Genus","VE303-01"
"Prevotella_Screening",0.1,0.0404288122988122,0.0404288122988122,NA,NA,NA,NA,-0.0235679158816208,"NC","Prevotella","Mic_Genus","VE303-01"
"Ruminococcus_Screening",0.2,0.0680564363414363,0.0680564363414363,0.00425905538905528,NA,NA,NA,0.0267408255504171,"C","Ruminococcus","Mic_Genus","VE303-01"
"Sutterella_Screening",0.7,0.0465868739990168,0.0501931213231211,0.00743355761602131,NA,NA,NA,0.038086843983285,"C","Sutterella","Mic_Genus","VE303-01"
"Tyzzerella_Screening",0.3,0.0336497128797129,0.0281794688644689,0.00686743290355881,NA,NA,NA,0.00372009466074158,"C","Tyzzerella","Mic_Genus","VE303-01"
"Absiella.sp..HF20_ig1_Screening",0.2,0.0204298382173383,0.0204298382173383,0.00769635170385171,"HF20","Longicatena innocuum","[Clostridium] innocuum_HF20",0.000886322682066732,"C","Clostridium innocuum_HF20","Mic_Species","VE303-01"
"Dialister.invisus_Screening",0.3,0.0814371928071927,0.0799937495837494,0.00850433196564633,NA,NA,NA,0.00110029626245139,"C","Dialister invisus","Mic_Species","VE303-01"
"Enterobacter.cloacae_Screening",1,0.0718753378843378,0.0673762837162836,0.00821377708901198,NA,NA,NA,-0.000880222100985961,"NC","Enterobacter cloacae","Mic_Species","VE303-01"
"Escherichia.coli_Screening",0.3,0.0574699073149073,0.0713828299478298,0.0154334533571492,NA,NA,NA,-0.0983342596267113,"NC","Escherichia coli","Mic_Species","VE303-01"
"Hungatella.sp..MP558G09_Screening",0.6,0.0402207964257963,0.0390157856032855,0.00511827848244482,"MP558G09","Hungatella sp005845265","Clostridium sp. 1001175st1 A10_MP558G09",0.00115393352609977,"C","Clostridium sp. 1001175st1 A10_MP558G09","Mic_Species","VE303-01"
"Klebsiella.pneumoniae_Screening",0.1,0.0332075896325897,0.0332075896325897,NA,NA,NA,NA,0.0773396905421328,"C","Klebsiella pneumoniae","Mic_Species","VE303-01"
"Odoribacter.splanchnicus_Screening",0.2,0.0387225080475079,0.0387225080475079,0.00138790043290041,NA,NA,NA,-0.000813062800357901,"NC","Odoribacter splanchnicus","Mic_Species","VE303-01"
"Sutterella.wadsworthensis_Screening",0.9,0.053826967106967,0.0561543134643133,0.00631928179293468,NA,NA,NA,0.0404218656615577,"C","Sutterella wadsworthensis","Mic_Species","VE303-01"
"X.Ruminococcus..gnavus_Screening",0.1,0.0245591336441337,0.0245591336441337,NA,NA,NA,NA,0.00165906562545367,"C"," Ruminococcus gnavus","Mic_Species","VE303-01"
"BMI",1,0.148709333333334,0.149186666666667,0.000965982235350293,NA,NA,NA,-3.86666666666667,"NC","BMI","Vancomycin","VE303-02"
"treat.day.len.abx",1,0.147554,0.148258333333334,0.00134773525626799,NA,NA,NA,6.53333333333333,"C","treat day len abx","Vancomycin","VE303-02"
"Eotaxin.2_Screening",1,0.0911592539682535,0.0905680158730154,0.00123547606314354,NA,NA,NA,-0.234175529069979,"NC","Eotaxin 2","Cytokines","VE303-02"
"TGFb2_Screening",1,0.0335571428571428,0.0338106349206349,0.000705759032522671,NA,NA,NA,-0.127936834423581,"NC","TGFb2","Cytokines","VE303-02"
"treat.day.len.abx",1,0.100293539682539,0.100645595238095,0.000834971904311013,NA,NA,NA,4.9,"C","treat day len abx","Cytokines","VE303-02"
"Age",1,0.0371730793650794,0.0370987301587301,0.00166957780476481,NA,NA,NA,-10.3439803439803,"NC","Age","SCFA","VE303-02"
"Succinic.acid_Screening",1,0.0347037222222222,0.0343900396825397,0.000804584336240541,NA,NA,NA,-0.686010661726087,"NC","Succinic acid","SCFA","VE303-02"
"X2.Methylbutyric.acid_Screening",0.9,0.0293984126984127,0.0301448412698412,0.000580741738286715,NA,NA,NA,0.35750160602428,"C","2 Methylbutyric acid","SCFA","VE303-02"
"treat.day.len.abx",1,0.0979476031746026,0.0974699603174598,0.00185103473782291,NA,NA,NA,5.85257985257985,"C","treat day len abx","SCFA","VE303-02"
"Age",0.9,0.0558475308641974,0.0613506349206348,0.00382807820497725,NA,NA,NA,-10.0707070707071,"NC","Age","BA","VE303-02"
"Taurochenodeoxycholic.Acid_Screening",1,0.0473972539682539,0.0467796031746031,0.00194155892765759,NA,NA,NA,-0.73352340692317,"NC","Taurochenodeoxycholic Acid","BA","VE303-02"
"treat.day.len.abx",1,0.136020777777778,0.148104325396826,0.00733839623515688,NA,NA,NA,5.88636363636364,"C","treat day len abx","BA","VE303-02"
"Age",0.9,0.05051360670194,0.0492209523809524,0.00101781998164292,NA,NA,NA,-10.1625,"NC","Age","Mic_Class","VE303-02"
"Erysipelotrichia_Screening",0.3,0.0318515079365079,0.033552380952381,0.00408900896763071,NA,NA,NA,0.0208436556052254,"C","Erysipelotrichia","Mic_Class","VE303-02"
"treat.day.len.abx",1,0.101379865079365,0.0993284523809518,0.00268662952533174,NA,NA,NA,5.34375,"C","treat day len abx","Mic_Class","VE303-02"
"uncl_Class_of_Candidatus.Melainabacteria_Screening",0.9,0.0158613492063492,0.0126035714285715,0.0032710544330719,NA,NA,NA,0.00114783482107118,"C","uncl_Class_of_Candidatus Melainabacteria","Mic_Class","VE303-02"
"Age",0.2,0.038235753968254,0.038235753968254,0.000803849206349221,NA,NA,NA,-10.1625,"NC","Age","Mic_Order","VE303-02"
"Erysipelotrichales_Screening",0.4,0.0326663095238095,0.0338691666666667,0.0027272458214118,NA,NA,NA,0.0208436556052254,"C","Erysipelotrichales","Mic_Order","VE303-02"
"treat.day.len.abx",1,0.130889436507937,0.1250075,0.0130660636532385,NA,NA,NA,5.34375,"C","treat day len abx","Mic_Order","VE303-02"
"uncl_Order_of_Candidatus.Melainabacteria_Screening",0.6,0.054479788359788,0.0645793650793647,0.0150058295184186,NA,NA,NA,0.00114783482107118,"C","uncl_Order_of_Candidatus Melainabacteria","Mic_Order","VE303-02"
"Age",0.2,0.0284221428571429,0.0284221428571429,0.00369333333333335,NA,NA,NA,-10.1625,"NC","Age","Mic_Genus","VE303-02"
"Anaerostipes_Screening",1,0.0671517301587299,0.0672297619047617,0.00128350350061057,NA,NA,NA,0.00277656173021459,"C","Anaerostipes","Mic_Genus","VE303-02"
"Clostridium_Screening",1,0.0596113095238094,0.0596971428571427,0.00168404747962851,NA,NA,NA,0.0367522007546571,"C","Clostridium","Mic_Genus","VE303-02"
"Dickeya_Screening",0.9,0.0659493033509697,0.068559206349206,0.00249426574052526,NA,NA,NA,0.0199810993215391,"C","Dickeya","Mic_Genus","VE303-02"
"Erysipelatoclostridium_Screening",1,0.0575888174603174,0.0568031746031745,0.00110521417162934,NA,NA,NA,0.015877746922711,"C","Erysipelatoclostridium","Mic_Genus","VE303-02"
"Faecalimonas_Screening",1,0.0439475793650793,0.0447486904761904,0.00146299356628869,NA,NA,NA,0.000414338705206173,"C","Faecalimonas","Mic_Genus","VE303-02"
"Rothia_Screening",0.1,0.0157842857142857,0.0157842857142857,NA,NA,NA,NA,0.000147002470051934,"C","Rothia","Mic_Genus","VE303-02"
"treat.day.len.abx",1,0.0546875079365079,0.055937619047619,0.00143579146291112,NA,NA,NA,5.34375,"C","treat day len abx","Mic_Genus","VE303-02"
"Absiella.sp..HF20_ig1_Screening",0.1,0.0140842857142857,0.0140842857142857,NA,"HF20","Longicatena innocuum","[Clostridium] innocuum_HF20",0.00151517377842395,"C","Clostridium innocuum_HF20","Mic_Species","VE303-02"
"Anaerostipes.caccae_Screening",0.4,0.0142359523809524,0.0137016666666667,0.00137208426854362,NA,NA,NA,0.00200013250549672,"C","Anaerostipes caccae","Mic_Species","VE303-02"
"Bacteroides.thetaiotaomicron.CAG.40_Screening",0.4,0.0109580952380952,0.0102822619047619,0.001453076066419,NA,NA,NA,0.00890047360526272,"C","Bacteroides thetaiotaomicron CAG 40","Mic_Species","VE303-02"
"Clostridia.bacterium.UC5.1.1D4_Screening",1,0.0239894126984127,0.0228516666666667,0.00168505087016333,NA,NA,NA,0.000724799467392824,"C","Clostridia bacterium UC5 1 1D4","Mic_Species","VE303-02"
"Clostridia.bacterium.UC5.1.2H6_Screening",0.4,0.00471791666666666,0.00504952380952381,0.000367887980612699,NA,NA,NA,0.00116795500445807,"C","Clostridia bacterium UC5 1 2H6","Mic_Species","VE303-02"
"Faecalimonas.umbilicata_Screening",0.7,0.0226115759637188,0.0209471428571429,0.00187931719496793,NA,NA,NA,0.000414338705206173,"C","Faecalimonas umbilicata","Mic_Species","VE303-02"
"Intestinibacter.sp..MP113D11_Screening",0.6,0.0130937301587302,0.0126092857142857,0.00119611365936412,"MP113D11","Intestinibacter bartlettii","Intestinibacter bartlettii_MP113D11",0.0182490918938408,"C","Intestinibacter bartlettii_MP113D11","Mic_Species","VE303-02"
"Lachnospiraceae.bacterium.AM25.17_Screening",0.7,0.0169600340136054,0.0154990476190476,0.00202793253317501,NA,NA,NA,0.00438299564813436,"C","Lachnospiraceae bacterium AM25 17","Mic_Species","VE303-02"
"Streptococcus.sp..MP506H2_Screening",0.8,0.0191948214285714,0.0190220238095238,0.00252561414782146,"MP506H2","N/A","Streptococcus salivarius_MP506H2",0.000648901263935868,"C","Streptococcus salivarius_MP506H2","Mic_Species","VE303-02"
"Streptococcus.vestibularis_Screening",0.1,0.00528357142857143,0.00528357142857143,NA,NA,NA,NA,0.00201742363639394,"C","Streptococcus vestibularis","Mic_Species","VE303-02"
"X.Clostridium..innocuum_Screening",1,0.0317988333333333,0.0302878571428571,0.00254849530928719,NA,NA,NA,0.00155795465006868,"C"," Clostridium innocuum","Mic_Species","VE303-02"
"X.Ruminococcus..gnavus_Screening",1,0.026791119047619,0.0264278571428572,0.00215464185349163,NA,NA,NA,0.00313991049684339,"C"," Ruminococcus gnavus","Mic_Species","VE303-02"
"treat.day.len.abx",0.9,0.030983544973545,0.0289061904761905,0.00171641891519035,NA,NA,NA,5.34375,"C","treat day len abx","Mic_Species","VE303-02"
"BMI",0.6,0.0593103174603174,0.0593057142857143,0.000694194462035783,NA,NA,NA,-3.10178571428571,"NC","BMI","Vancomycin","VE303-03"
"total_abx_days_prescreen",1,0.0863151428571425,0.0864869047619044,0.000711710747748386,NA,NA,NA,-2.41071428571429,"NC","Total Days of Abx","Vancomycin","VE303-03"
"treat.day.len.abx",1,0.27350180952381,0.27336380952381,0.00123419256458226,NA,NA,NA,7.19642857142857,"C","treat day len abx","Vancomycin","VE303-03"
"Abx.group",1,0.0189597034632035,0.0172092568542569,0.00142700066550074,NA,NA,NA,0.407407407407407,"C","Abx group","Cytokines","VE303-03"
"ENA.78_Screening",1,0.0237462195582196,0.0240745346320347,0.000715022909980248,NA,NA,NA,-0.226547102936984,"NC","ENA 78","Cytokines","VE303-03"
"G.CSF_Screening",0.5,0.00624797546897547,0.00678699134199134,0.000417360725004912,NA,NA,NA,0.14661468988644,"C","G CSF","Cytokines","VE303-03"
"IP.10_Screening",1,0.0390899956709956,0.0389616847041846,0.00171267736955496,NA,NA,NA,-0.102611662113547,"NC","IP 10","Cytokines","VE303-03"
"TGFb2_Screening",1,0.0363531343656343,0.0361483585858585,0.000453943676595724,NA,NA,NA,-0.141318154801449,"NC","TGFb2","Cytokines","VE303-03"
"total.recurrences",1,0.0196478246753247,0.0195348412698413,0.000959542634588941,NA,NA,NA,0.938997821350763,"C","total recurrences","Cytokines","VE303-03"
"treat.day.len.abx",1,0.0211781607836608,0.0201243745143745,0.00100664642830946,NA,NA,NA,4.3202614379085,"C","treat day len abx","Cytokines","VE303-03"
"Abx.group",1,0.0729417594627593,0.0733575022200022,0.000561829563821573,NA,NA,NA,0.361161524500907,"C","Abx group","SCFA","VE303-03"
"total_abx_days_prescreen",1,0.0457953094128092,0.0456070149295147,0.000359180267672256,NA,NA,NA,-1.33212341197822,"NC","Total Days of Abx","SCFA","VE303-03"
"treat.day.len.abx",1,0.0986105936285935,0.0987097435897434,0.000982378290033195,NA,NA,NA,4.497277676951,"C","treat day len abx","SCFA","VE303-03"
"Abx.group",1,0.0792333125208125,0.0796731751581752,0.000824503739355171,NA,NA,NA,0.37593984962406,"C","Abx group","BA","VE303-03"
"total_abx_days_prescreen",0.9,0.0478297137430469,0.047317686202686,0.000886775166682033,NA,NA,NA,-1.33458646616541,"NC","Total Days of Abx","BA","VE303-03"
"treat.day.len.abx",1,0.0955532527472526,0.0958696903096902,0.00116119539028275,NA,NA,NA,4.55639097744361,"C","treat day len abx","BA","VE303-03"
"Abx.group",1,0.0330597373737373,0.0330187518037518,0.000781789353622811,NA,NA,NA,0.381176470588235,"C","Abx group","Mic_Class","VE303-03"
"Actinobacteria_Screening",0.9,0.0356296084779418,0.036353593073593,0.00148676525247835,NA,NA,NA,0.0483111121086286,"C","Actinobacteria","Mic_Class","VE303-03"
"Erysipelotrichia_Screening",1,0.0463134282384281,0.0412708272283271,0.00562027881082043,NA,NA,NA,0.0196043289413095,"C","Erysipelotrichia","Mic_Class","VE303-03"
"Gammaproteobacteria_Screening",0.4,0.04586702020202,0.0457359992784991,0.00417811051136233,NA,NA,NA,-0.196501928454193,"NC","Gammaproteobacteria","Mic_Class","VE303-03"
"Verrucomicrobiae_Screening",0.3,0.00693961038961039,0.00657541125541125,0.0006613974061273,NA,NA,NA,0.000720592618619147,"C","Verrucomicrobiae","Mic_Class","VE303-03"
"total_abx_days_prescreen",0.1,0.0321233261183261,0.0321233261183261,NA,NA,NA,NA,-0.856470588235294,"NC","Total Days of Abx","Mic_Class","VE303-03"
"treat.day.len.abx",1,0.0683947221112221,0.0686456407481407,0.00281032590025414,NA,NA,NA,4.22117647058823,"C","treat day len abx","Mic_Class","VE303-03"
"uncl_Class_of_Eukaryota_Screening",0.6,0.0148205555555556,0.0161917568542569,0.00127128769031545,NA,NA,NA,9.84635293218323e-06,"C","uncl_Class_of_Eukaryota","Mic_Class","VE303-03"
"Abx.group",1,0.0290650202020202,0.0284203354978355,0.0013097030674607,NA,NA,NA,0.381176470588235,"C","Abx group","Mic_Order","VE303-03"
"Bifidobacteriales_Screening",1,0.0692355233100232,0.0698889682539681,0.00566976010136167,NA,NA,NA,0.0575407149409388,"C","Bifidobacteriales","Mic_Order","VE303-03"
"Enterobacterales_Screening",0.4,0.0581100115162614,0.0583934945609944,0.00432213811029508,NA,NA,NA,-0.194115739044154,"NC","Enterobacterales","Mic_Order","VE303-03"
"Erysipelotrichales_Screening",0.7,0.0342098000412286,0.031897316017316,0.00234323002256157,NA,NA,NA,0.0196043289413095,"C","Erysipelotrichales","Mic_Order","VE303-03"
"treat.day.len.abx",1,0.0645743685203684,0.070221284271284,0.00528226250974111,NA,NA,NA,4.22117647058823,"C","treat day len abx","Mic_Order","VE303-03"
"uncl_Order_of_Eukaryota_Screening",0.3,0.0134004168054168,0.0115269408369409,0.00217376601356136,NA,NA,NA,9.84635293218323e-06,"C","uncl_Order_of_Eukaryota","Mic_Order","VE303-03"
"Abx.group",0.9,0.0393335874619207,0.0395708802308801,0.00162356617779757,NA,NA,NA,0.381176470588235,"C","Abx group","Mic_Genus","VE303-03"
"Bifidobacterium_Screening",1,0.132587977744478,0.138154094516595,0.00672903600861591,NA,NA,NA,0.0570264980513787,"C","Bifidobacterium","Mic_Genus","VE303-03"
"Clostridium_Screening",0.1,0.0257896753246755,0.0257896753246755,NA,NA,NA,NA,0.023574881373339,"C","Clostridium","Mic_Genus","VE303-03"
"Colibacter_Screening",0.1,0.0316374747474747,0.0316374747474747,NA,NA,NA,NA,-0.00277786783862748,"NC","Colibacter","Mic_Genus","VE303-03"
"Faecalimonas_Screening",0.8,0.0314388239538239,0.0307793001443001,0.00238331597870978,NA,NA,NA,0.000269839662490626,"C","Faecalimonas","Mic_Genus","VE303-03"
"Merdimonas_Screening",0.7,0.0157920747506462,0.0131234992784993,0.00281941524917824,NA,NA,NA,0.000131984861870995,"C","Merdimonas","Mic_Genus","VE303-03"
"Salmonella_Screening",0.2,0.0124993686868687,0.0124993686868687,0.00210182900432901,NA,NA,NA,-0.000401469949706646,"NC","Salmonella","Mic_Genus","VE303-03"
"total_abx_days_prescreen",0.1,0.0426466233766232,0.0426466233766232,NA,NA,NA,NA,-0.856470588235294,"NC","Total Days of Abx","Mic_Genus","VE303-03"
"treat.day.len.abx",1,0.0620642637362636,0.0618024106449104,0.00316227080436347,NA,NA,NA,4.22117647058823,"C","treat day len abx","Mic_Genus","VE303-03"
"Absiella.sp..HF20_ig1_Screening",0.6,0.0243068623043623,0.0233786471861472,0.00399867561405093,"HF20","Longicatena innocuum","[Clostridium] innocuum_HF20",0.00107113885691292,"C","Clostridium innocuum_HF20","Mic_Species","VE303-03"
"Abx.group",0.5,0.0367709759129759,0.0307928354978355,0.00395390779660583,NA,NA,NA,0.381176470588235,"C","Abx group","Mic_Species","VE303-03"
"Citrobacter.freundii_Screening",0.7,0.0435368047825189,0.0395838383838382,0.00633865767941165,NA,NA,NA,-0.0111322658086878,"NC","Citrobacter freundii","Mic_Species","VE303-03"
"Clostridia.bacterium.UC5.1.2G4_Screening",0.1,0.0157157431457432,0.0157157431457432,NA,NA,NA,NA,0.00610644140087313,"C","Clostridia bacterium UC5 1 2G4","Mic_Species","VE303-03"
"Enterobacter.cloacae_Screening",0.5,0.0345601890331889,0.0333477344877344,0.00174497765457529,NA,NA,NA,-0.000774595448867646,"NC","Enterobacter cloacae","Mic_Species","VE303-03"
"Faecalimonas.umbilicata_Screening",0.2,0.0218862193362193,0.0218862193362193,0.0129935786435786,NA,NA,NA,0.000269839662490626,"C","Faecalimonas umbilicata","Mic_Species","VE303-03"
"Lachnospiraceae.bacterium.AM25.17_Screening",1,0.0326592382617382,0.0328874747474747,0.00336321188402362,NA,NA,NA,0.00348690699046249,"C","Lachnospiraceae bacterium AM25 17","Mic_Species","VE303-03"
"Veillonella.dispar_Screening",0.1,0.053391818181818,0.053391818181818,NA,NA,NA,NA,-0.000699796923691042,"NC","Veillonella dispar","Mic_Species","VE303-03"
"Veillonella.rogosae_Screening",0.1,0.0224598917748918,0.0224598917748918,NA,NA,NA,NA,-0.000969285866743674,"NC","Veillonella rogosae","Mic_Species","VE303-03"
"treat.day.len.abx",0.5,0.0456408979908979,0.041710137085137,0.00432615812567396,NA,NA,NA,4.22117647058823,"C","treat day len abx","Mic_Species","VE303-03"
"Abx.group",1,0.0898101031746026,0.0876841666666661,0.00231372922871139,NA,NA,NA,0.416666666666667,"C","Abx group","Vancomycin","VE303-04"
"n_washout_days",0.7,0.0326098639455782,0.0329655555555556,0.000631966743037163,NA,NA,NA,0.566666666666667,"C","n_washout_days","Vancomycin","VE303-04"
"treat.day.len.abx",0.7,0.0893748526077094,0.0734278571428569,0.00840292015277513,NA,NA,NA,5.21666666666667,"C","treat day len abx","Vancomycin","VE303-04"
"MIP.1d_Screening",1,0.0634096038683538,0.0618203248140748,0.00193961471051574,NA,NA,NA,-0.26999687713074,"NC","MIP 1d","Cytokines","VE303-04"
"Abx.group",1,0.0089062301505684,0.00865195707070708,0.000558732801070077,NA,NA,NA,0.22463768115942,"C","Abx group","BA","VE303-04"
"Chenodeoxycholic.Acid_Screening",0.1,0.0152005982905983,0.0152005982905983,NA,NA,NA,NA,-0.0685137990146276,"NC","Chenodeoxycholic Acid","BA","VE303-04"
"Dehydrolithocholic.Acid_Screening",0.2,0.0202626566897156,0.0202626566897156,0.000644026708585569,NA,NA,NA,0.21516731090249,"C","Dehydrolithocholic Acid","BA","VE303-04"
"Glycochenodeoxycholic.Acid_Screening",0.3,0.0131248649770709,0.0135232668148845,0.000682019858120235,NA,NA,NA,0.0602545714248233,"C","Glycochenodeoxycholic Acid","BA","VE303-04"
"Taurochenodeoxycholic.Acid_Screening",0.2,0.0150842692030192,0.0150842692030192,0.000193540487290492,NA,NA,NA,-0.111015592353867,"NC","Taurochenodeoxycholic Acid","BA","VE303-04"
"Actinobacteria_Screening",0.8,0.0477155722749473,0.0481216117216117,0.00820938125010055,NA,NA,NA,0.0537466774075341,"C","Actinobacteria","Mic_Class","VE303-04"
"Betaproteobacteria_Screening",0.2,0.0455825432900432,0.0455825432900432,0.00107124569874567,NA,NA,NA,-0.0108115949174095,"NC","Betaproteobacteria","Mic_Class","VE303-04"
"Clostridia_Screening",0.2,0.0249223934398935,0.0249223934398935,0.00279457348207351,NA,NA,NA,0.139798485693627,"C","Clostridia","Mic_Class","VE303-04"
"total_abx_days_prescreen",1,0.0427110565545566,0.0469278898878899,0.00688313598052812,NA,NA,NA,-2.0952380952381,"NC","Total Days of Abx","Mic_Class","VE303-04"
"uncl_Class_of_Candidatus.Melainabacteria_Screening",0.4,0.0473006779331777,0.0465450444000441,0.000912424034823266,NA,NA,NA,0.000743913690992178,"C","uncl_Class_of_Candidatus Melainabacteria","Mic_Class","VE303-04"
"uncl_Class_of_Firmicutes_Screening",0.2,0.0109299913974914,0.0109299913974914,0.000633243145743151,NA,NA,NA,0.000805221911412619,"C","uncl_Class_of_Firmicutes","Mic_Class","VE303-04"
"Bifidobacteriales_Screening",1,0.120799776778777,0.123056234876235,0.00301939370432732,NA,NA,NA,0.0648046658415861,"C","Bifidobacteriales","Mic_Order","VE303-04"
"Clostridiales_Screening",0.7,0.069529251779966,0.0767847874347874,0.00568413428220939,NA,NA,NA,0.138934756930244,"C","Clostridiales","Mic_Order","VE303-04"
"total_abx_days_prescreen",0.3,0.05973262015762,0.0554142918192917,0.00672300821050986,NA,NA,NA,-2.0952380952381,"NC","Total Days of Abx","Mic_Order","VE303-04"
"uncl_Order_of_Candidatus.Melainabacteria_Screening",0.3,0.02640963998964,0.0289648573648574,0.0100289824376281,NA,NA,NA,0.000743913690992178,"C","uncl_Order_of_Candidatus Melainabacteria","Mic_Order","VE303-04"
"uncl_Order_of_Firmicutes_Screening",0.2,0.0341884923409923,0.0341884923409923,0.0019042632367632,NA,NA,NA,0.000805221911412619,"C","uncl_Order_of_Firmicutes","Mic_Order","VE303-04"
"Alistipes_Screening",0.1,0.00770593073593074,0.00770593073593074,NA,NA,NA,NA,-0.0127284081902736,"NC","Alistipes","Mic_Genus","VE303-04"
"Bifidobacterium_Screening",1,0.0558889838494837,0.0548832964257963,0.00293928976253673,NA,NA,NA,0.0644522442256961,"C","Bifidobacterium","Mic_Genus","VE303-04"
"Dialister_Screening",1,0.0696876115551115,0.0649579828504829,0.00492489078958417,NA,NA,NA,0.00321210101246149,"C","Dialister","Mic_Genus","VE303-04"
"Erysipelatoclostridium_Screening",0.2,0.0212330888555889,0.0212330888555889,0.000454637307137306,NA,NA,NA,0.00550477221555039,"C","Erysipelatoclostridium","Mic_Genus","VE303-04"
"Lachnoclostridium_Screening",0.5,0.0320947018537019,0.0245453496503498,0.00586330120878392,NA,NA,NA,0.0406527169788005,"C","Lachnoclostridium","Mic_Genus","VE303-04"
"Odoribacter_Screening",0.9,0.016708474611808,0.0163728737928738,0.000577723334596888,NA,NA,NA,-0.00213782058708319,"NC","Odoribacter","Mic_Genus","VE303-04"
"Subdoligranulum_Screening",0.2,0.0138333186258187,0.0138333186258187,0.00268929265179267,NA,NA,NA,0.00471099099766315,"C","Subdoligranulum","Mic_Genus","VE303-04"
"total_abx_days_prescreen",0.2,0.0364408497058497,0.0364408497058497,0.00346481129981126,NA,NA,NA,-2.0952380952381,"NC","Total Days of Abx","Mic_Genus","VE303-04"
"uncl_Genus_of_Burkholderiales_Screening",0.3,0.017520471935472,0.0176496725496726,0.000184988299601462,NA,NA,NA,-0.00338003593926051,"NC","uncl_Genus_of_Burkholderiales","Mic_Genus","VE303-04"
"Bacteroides.fragilis_Screening",1,0.0280875094627595,0.0282613815351316,0.00135787949310002,NA,NA,NA,-0.00413030479799434,"NC","Bacteroides fragilis","Mic_Species","VE303-04"
"Bifidobacterium.dentium_Screening",0.6,0.0190201872201873,0.019164784937285,0.00211166287563121,NA,NA,NA,0.0100262324252444,"C","Bifidobacterium dentium","Mic_Species","VE303-04"
"Dialister.invisus.CAG.218_Screening",1,0.0499527793872793,0.0512726892551892,0.00173465613808163,NA,NA,NA,0.00238522025306982,"C","Dialister invisus CAG 218","Mic_Species","VE303-04"
"Dialister.invisus_Screening",1,0.0501256583416583,0.0494013677988677,0.00188896604127352,NA,NA,NA,0.00221770303642191,"C","Dialister invisus","Mic_Species","VE303-04"
"Enterobacter.cloacae_Screening",0.1,0.0144893384393385,0.0144893384393385,NA,NA,NA,NA,-0.000831684361217217,"NC","Enterobacter cloacae","Mic_Species","VE303-04"
"Erysipelatoclostridium.sp..MP572A05_Screening",0.7,0.0442065042100755,0.0445835619935618,0.00180476801497441,"MP572A05","Erysipelatoclostridium spiroforme","[Clostridium] spiroforme_MP572A05",0.000527229321571002,"C","Clostridium spiroforme_MP572A05","Mic_Species","VE303-04"
"Odoribacter.splanchnicus_Screening",0.3,0.0112805106005106,0.0117180086580087,0.00157482520398547,NA,NA,NA,-0.00085178007656542,"NC","Odoribacter splanchnicus","Mic_Species","VE303-04"
"Abx.group",1,0.0303603412698413,0.0301230158730159,0.000627286494640114,NA,NA,NA,0.416666666666667,"C","Abx group","Vancomycin","VE303-05"
"total_abx_days_prescreen",1,0.0686205714285712,0.069168968253968,0.0011442589802805,NA,NA,NA,-2.55,"NC","Total Days of Abx","Vancomycin","VE303-05"
"treat.day.len.abx",1,0.0775377380952377,0.0780978968253964,0.00122539514529874,NA,NA,NA,6.31666666666667,"C","treat day len abx","Vancomycin","VE303-05"
"MCP.1_Screening",0.5,0.0112622284382285,0.00987007215007217,0.00189093043299907,NA,NA,NA,0.0444634657138732,"C","MCP 1","Cytokines","VE303-05"
"MCP.2_Screening",0.2,0.0113774808524809,0.0113774808524809,0.000458957153957157,NA,NA,NA,-0.0197147812762655,"NC","MCP 2","Cytokines","VE303-05"
"MIP.1b_Screening",0.1,0.0155354173604174,0.0155354173604174,NA,NA,NA,NA,-0.101548098710211,"NC","MIP 1b","Cytokines","VE303-05"
"MIP.1d_Screening",0.8,0.0150194787157288,0.0161843245643246,0.00112177602676197,NA,NA,NA,-0.162328494585934,"NC","MIP 1d","Cytokines","VE303-05"
"TGFb1_Screening",0.1,0.152178577533577,0.152178577533577,NA,NA,NA,NA,-0.0676648749145494,"NC","TGFb1","Cytokines","VE303-05"
"n_pretreatment_events",0.1,0.00360440892440892,0.00360440892440892,NA,NA,NA,NA,-0.318181818181818,"NC","N Rounds of Abx","Cytokines","VE303-05"
"total.recurrences",0.6,0.0107185696710697,0.0104668170718171,0.000545315669961132,NA,NA,NA,0.5,"C","total recurrences","Cytokines","VE303-05"
"total_abx_days_prescreen",0.8,0.0119281798756799,0.0121119114219115,0.000475994358758821,NA,NA,NA,-1.45454545454545,"NC","Total Days of Abx","Cytokines","VE303-05"
"total_abx_days_prescreen",1,0.05092853350571,0.0511756783494283,0.000837742964528921,NA,NA,NA,-1.12347826086957,"NC","Total Days of Abx","SCFA","VE303-05"
"Chenodeoxycholic.Acid_Screening",0.1,0.0336148174048175,0.0336148174048175,NA,NA,NA,NA,0.350418493916357,"C","Chenodeoxycholic Acid","BA","VE303-05"
"Glycodeoxycholic.Acid_Screening",0.1,0.0732353613053615,0.0732353613053615,NA,NA,NA,NA,-0.238805262117059,"NC","Glycodeoxycholic Acid","BA","VE303-05"
"total_abx_days_prescreen",1,0.0907063794538793,0.0749642035742036,0.0128635365428237,NA,NA,NA,-1.1268115942029,"NC","Total Days of Abx","BA","VE303-05"
"treat.day.len.abx",0.2,0.0341290631590632,0.0341290631590632,0.00636780719280717,NA,NA,NA,3.41123188405797,"C","treat day len abx","BA","VE303-05"
"Age",0.4,0.0437626513764013,0.0439559601509601,0.000965301471741867,NA,NA,NA,-8.99999999999999,"NC","Age","Mic_Class","VE303-05"
"Glomeromycetes_Screening",0.5,0.0287693023643024,0.0260879170829171,0.00197790614938424,NA,NA,NA,-3.85682492447192e-06,"NC","Glomeromycetes","Mic_Class","VE303-05"
"total_abx_days_prescreen",1,0.134312875707626,0.106663949383949,0.0154046729696125,NA,NA,NA,-0.571428571428572,"NC","Total Days of Abx","Mic_Class","VE303-05"
"Age",0.2,0.0552946622821621,0.0552946622821621,0.0110237037962037,NA,NA,NA,-8.99999999999999,"NC","Age","Mic_Order","VE303-05"
"Glomerales_Screening",0.1,0.0271405117105117,0.0271405117105117,NA,NA,NA,NA,-3.85682492447192e-06,"NC","Glomerales","Mic_Order","VE303-05"
"total_abx_days_prescreen",1,0.177963492784993,0.19067638999889,0.0100329994084701,NA,NA,NA,-0.571428571428572,"NC","Total Days of Abx","Mic_Order","VE303-05"
"Anaerostipes_Screening",1,0.0777811853979353,0.0724752439227438,0.00579213124391128,NA,NA,NA,0.0031664368146771,"C","Anaerostipes","Mic_Genus","VE303-05"
"Bifidobacterium_Screening",0.1,0.0503416056166055,0.0503416056166055,NA,NA,NA,NA,0.0423600351720153,"C","Bifidobacterium","Mic_Genus","VE303-05"
"Clostridium_Screening",0.1,0.0631954112554111,0.0631954112554111,NA,NA,NA,NA,0.0194927454361141,"C","Clostridium","Mic_Genus","VE303-05"
"Faecalimonas_Screening",0.1,0.00816599067599069,0.00816599067599069,NA,NA,NA,NA,0.00019268467532815,"C","Faecalimonas","Mic_Genus","VE303-05"
"Lachnoclostridium_Screening",0.1,0.034600796980797,0.034600796980797,NA,NA,NA,NA,0.0379048017949626,"C","Lachnoclostridium","Mic_Genus","VE303-05"
"Sutterella_Screening",0.9,0.0406763452197765,0.0372972538572538,0.00678105870302139,NA,NA,NA,0.0391630318221022,"C","Sutterella","Mic_Genus","VE303-05"
"total_abx_days_prescreen",0.7,0.0805224148074147,0.0794339821289821,0.00506903468899799,NA,NA,NA,-0.571428571428572,"NC","Total Days of Abx","Mic_Genus","VE303-05"
"Alistipes.finegoldii_Screening",0.3,0.0208102778702779,0.0213697424797425,0.0056262286088781,NA,NA,NA,-0.0017857366312501,"NC","Alistipes finegoldii","Mic_Species","VE303-05"
"Anaerostipes.caccae_Screening",0.2,0.0588823312798312,0.0588823312798312,0.0147189918414919,NA,NA,NA,0.00243771868346573,"C","Anaerostipes caccae","Mic_Species","VE303-05"
"Coprococcus.sp..MP37F7_Screening",0.1,0.0153903651903653,0.0153903651903653,NA,"MP37F7","Faecalimonas umbilicata","Faecalimonas umbilicata_MP37F7",0.000826226603678361,"C","Faecalimonas umbilicata_MP37F7","Mic_Species","VE303-05"
"Enterobacter.cloacae_Screening",0.5,0.0269969373959374,0.0237119308469309,0.00330424599595752,NA,NA,NA,-0.000831684361217217,"NC","Enterobacter cloacae","Mic_Species","VE303-05"
"Lachnoclostridium.sp..MP429E6_Screening",0.3,0.0260522460872461,0.0304579587079588,0.00444193220633194,"MP429E6","Clostridium_Q symbiosum","[Clostridium] symbiosum_MP429E6",0.00281207557932287,"C","Clostridium symbiosum_MP429E6","Mic_Species","VE303-05"
"Lachnospiraceae.bacterium.AM25.17_Screening",0.3,0.0342700738150738,0.0315415651015651,0.00601786391764367,NA,NA,NA,0.00289760490363989,"C","Lachnospiraceae bacterium AM25 17","Mic_Species","VE303-05"
"Sutterella.wadsworthensis_Screening",0.4,0.0459478979353979,0.0525466991341991,0.010856836968992,NA,NA,NA,0.0393735717778702,"C","Sutterella wadsworthensis","Mic_Species","VE303-05"
"X.Clostridium..symbiosum_Screening",0.2,0.0331306576756576,0.0331306576756576,0.0129996231546231,NA,NA,NA,0.00732372579429468,"C"," Clostridium symbiosum","Mic_Species","VE303-05"
"total_abx_days_prescreen",0.6,0.123730908905909,0.122409356476856,0.0163679049970568,NA,NA,NA,-0.571428571428572,"NC","Total Days of Abx","Mic_Species","VE303-05"
"Abx.group",1,0.0696186428571426,0.0778991666666664,0.00630355362619202,NA,NA,NA,0.5,"C","Abx group","Vancomycin","VE303-07"
"total.recurrences",0.1,0.035844761904762,0.035844761904762,NA,NA,NA,NA,1.36666666666667,"C","total recurrences","Vancomycin","VE303-07"
"treat.day.len.abx",1,0.097991317460317,0.100223214285714,0.0025811142891288,NA,NA,NA,6.51666666666667,"C","treat day len abx","Vancomycin","VE303-07"
"Abx.group",1,0.0157524582084583,0.0180374228549229,0.00117340473681346,NA,NA,NA,0.341614906832298,"C","Abx group","Cytokines","VE303-07"
"MDC_Screening",0.7,0.0392039236160665,0.0361025463425464,0.00411395498995696,NA,NA,NA,0.085295079665852,"C","MDC","Cytokines","VE303-07"
"SDF.1a.b_Screening",0.2,0.0203124711399712,0.0203124711399712,0.00221135170385172,NA,NA,NA,-0.126666648762454,"NC","SDF 1a b","Cytokines","VE303-07"
"TGFb1_Screening",0.3,0.0250350125800127,0.0259528921078922,0.00112834967170529,NA,NA,NA,-0.0569599296398664,"NC","TGFb1","Cytokines","VE303-07"
"treat.day.len.abx",0.8,0.0283712916597292,0.0280975925463426,0.00247648995432098,NA,NA,NA,3.67908902691511,"C","treat day len abx","Cytokines","VE303-07"
"Abx.group",1,0.134527778721278,0.134814371461871,0.000697410924975234,NA,NA,NA,0.314782608695652,"C","Abx group","SCFA","VE303-07"
"Abx.group",1,0.112298811502223,0.14259052086802,0.0165087333960715,NA,NA,NA,0.334545454545455,"C","Abx group","BA","VE303-07"
"total.recurrences",0.1,0.00673747252747253,0.00673747252747253,NA,NA,NA,NA,0.705454545454546,"C","total recurrences","BA","VE303-07"
"treat.day.len.abx",0.1,0.016993283938284,0.016993283938284,NA,NA,NA,NA,3.48727272727273,"C","treat day len abx","BA","VE303-07"
"Abx.group",0.7,0.0498732764457765,0.0501589316239316,0.0108290038464251,NA,NA,NA,0.34324942791762,"C","Abx group","Mic_Class","VE303-07"
"Actinobacteria_Screening",0.9,0.0614123389138095,0.0791509645909645,0.0080699712030939,NA,NA,NA,0.0589058278893351,"C","Actinobacteria","Mic_Class","VE303-07"
"Clostridia_Screening",0.5,0.0697592943167942,0.0698348051948052,0.000675600981985523,NA,NA,NA,0.121928024741083,"C","Clostridia","Mic_Class","VE303-07"
"Erysipelotrichia_Screening",0.5,0.0389757266622267,0.0392103668553669,0.000777514044538722,NA,NA,NA,0.01717559609273,"C","Erysipelotrichia","Mic_Class","VE303-07"
"Abx.group",0.8,0.0542683432886558,0.051326206987457,0.0105640284825485,NA,NA,NA,0.34324942791762,"C","Abx group","Mic_Order","VE303-07"
"Bifidobacteriales_Screening",0.4,0.0588283309745809,0.0558884546009545,0.0139362301816262,NA,NA,NA,0.0481848638070683,"C","Bifidobacteriales","Mic_Order","VE303-07"
"Clostridiales_Screening",0.3,0.0521542986642986,0.057356757131757,0.00532747383236771,NA,NA,NA,0.115176543111005,"C","Clostridiales","Mic_Order","VE303-07"
"Coriobacteriales_Screening",1,0.0331049716117216,0.0297383430458431,0.00405333945611519,NA,NA,NA,-0.00288375045946538,"NC","Coriobacteriales","Mic_Order","VE303-07"
"Enterobacterales_Screening",0.3,0.0495540281940282,0.0454052458652458,0.00463680230336433,NA,NA,NA,-0.174881287507868,"NC","Enterobacterales","Mic_Order","VE303-07"
"Abx.group",0.1,0.0605802933177933,0.0605802933177933,NA,NA,NA,NA,0.34324942791762,"C","Abx group","Mic_Genus","VE303-07"
"Clostridium_Screening",0.8,0.0533352344530469,0.0507145267232767,0.0102612150727651,NA,NA,NA,0.0322268680973498,"C","Clostridium","Mic_Genus","VE303-07"
"Enterococcus_Screening",0.9,0.0353169014319015,0.0320698107448108,0.00400502034806998,NA,NA,NA,0.0310633628824552,"C","Enterococcus","Mic_Genus","VE303-07"
"Lachnotalea_Screening",0.1,0.00460518037518037,0.00460518037518037,NA,NA,NA,NA,-0.000657257408914149,"NC","Lachnotalea","Mic_Genus","VE303-07"
"Parabacteroides_Screening",0.8,0.0373048416065144,0.0359868431568432,0.00260241239458672,NA,NA,NA,-0.00244078358539274,"NC","Parabacteroides","Mic_Genus","VE303-07"
"uncl_Genus_of_Burkholderiales_Screening",0.1,0.0188135092685093,0.0188135092685093,NA,NA,NA,NA,-0.00367229790746195,"NC","uncl_Genus_of_Burkholderiales","Mic_Genus","VE303-07"
"uncl_Genus_of_Clostridia_Screening",0.1,0.0469340032190032,0.0469340032190032,NA,NA,NA,NA,0.00675148163007843,"C","uncl_Genus_of_Clostridia","Mic_Genus","VE303-07"
"uncl_Genus_of_Desulfovibrionales_Screening",0.1,0.00850436230436231,0.00850436230436231,NA,NA,NA,NA,-0.000296328943559827,"NC","uncl_Genus_of_Desulfovibrionales","Mic_Genus","VE303-07"
"Abx.group",0.5,0.0379764251859252,0.0396199228549229,0.00758454520622293,NA,NA,NA,0.34324942791762,"C","Abx group","Mic_Species","VE303-07"
"Dialister.invisus.CAG.218_Screening",0.1,0.0203083416583417,0.0203083416583417,NA,NA,NA,NA,0.000935964628592963,"C","Dialister invisus CAG 218","Mic_Species","VE303-07"
"Dialister.invisus_Screening",0.1,0.014073624986125,0.014073624986125,NA,NA,NA,NA,0.00145419369534085,"C","Dialister invisus","Mic_Species","VE303-07"
"Enterococcus.faecium_Screening",0.2,0.0212863418525919,0.0212863418525919,0.00729383047508049,NA,NA,NA,0.0220386732330337,"C","Enterococcus faecium","Mic_Species","VE303-07"
"Haemophilus.parainfluenzae_Screening",0.5,0.0466056693306693,0.0410922638472638,0.00645844941525514,NA,NA,NA,8.42365457642954e-06,"C","Haemophilus parainfluenzae","Mic_Species","VE303-07"
"Veillonella.dispar_Screening",0.9,0.0438028176453176,0.0394822804972805,0.00533870317311204,NA,NA,NA,-0.000905910994125621,"NC","Veillonella dispar","Mic_Species","VE303-07"
"Veillonella.infantium_Screening",0.2,0.0140944122544123,0.0140944122544123,0.00137227772227773,NA,NA,NA,-0.000692238864669822,"NC","Veillonella infantium","Mic_Species","VE303-07"
"Veillonella.tobetsuensis_Screening",0.7,0.0201300375814662,0.0198548046398047,0.00129497010664033,NA,NA,NA,1.2091964738038e-05,"C","Veillonella tobetsuensis","Mic_Species","VE303-07"
"X.Clostridium..symbiosum_Screening",0.2,0.0176622712010213,0.0176622712010213,0.00552008394383397,NA,NA,NA,0.00717228530276689,"C"," Clostridium symbiosum","Mic_Species","VE303-07"
"BMI",1,0.0963526904761899,0.0963253571428565,0.000412875006555304,NA,NA,NA,-4.045,"NC","BMI","Vancomycin","VE303-08"
"total_abx_days_prescreen",1,0.107984547619047,0.108077142857142,0.000959014946040832,NA,NA,NA,-2.95,"NC","Total Days of Abx","Vancomycin","VE303-08"
"treat.day.len.abx",1,0.0788009206349202,0.079341944444444,0.000792628980593208,NA,NA,NA,5.41666666666667,"C","treat day len abx","Vancomycin","VE303-08"
"Abx.group",0.4,0.0194712487512488,0.0198569924519925,0.000573007751136575,NA,NA,NA,0.311546840958606,"C","Abx group","Cytokines","VE303-08"
"IL.18_Screening",0.2,0.0290711616161617,0.0290711616161617,0.000824300144300134,NA,NA,NA,-0.246892522996738,"NC","IL 18","Cytokines","VE303-08"
"IP.10_Screening",1,0.0684678309468308,0.0670626995226994,0.00110139268341315,NA,NA,NA,-0.140752130692576,"NC","IP 10","Cytokines","VE303-08"
"MCP.2_Screening",1,0.0538348340548338,0.0519251948051945,0.00191851819311012,NA,NA,NA,-0.116992544423704,"NC","MCP 2","Cytokines","VE303-08"
"TGFb2_Screening",1,0.0480470007215005,0.0480578787878786,0.0015458742654438,NA,NA,NA,-0.10395420699705,"NC","TGFb2","Cytokines","VE303-08"
"Abx.group",0.6,0.0176608617308617,0.00680088134088134,0.00727891734242685,NA,NA,NA,0.255555555555556,"C","Abx group","SCFA","VE303-08"
"abx_screen_status",0.1,0.0035267316017316,0.0035267316017316,NA,NA,NA,NA,0.155555555555556,"C","abx_screen_status","SCFA","VE303-08"
"n_pretreatment_events",0.1,0.00532083694083694,0.00532083694083694,NA,NA,NA,NA,-0.1,"NC","N Rounds of Abx","SCFA","VE303-08"
"Abx.group",1,0.0339720614385614,0.0309213117438118,0.00720550733908904,NA,NA,NA,0.268199233716475,"C","Abx group","BA","VE303-08"
"Chenodeoxycholic.Acid_Screening",0.9,0.0342698007548007,0.0384564790764789,0.00346131303324471,NA,NA,NA,-0.186472904402458,"NC","Chenodeoxycholic Acid","BA","VE303-08"
"Glycochenodeoxycholic.Acid_Screening",0.4,0.0593974809912309,0.0714919044844043,0.016918800846812,NA,NA,NA,-0.492479211830281,"NC","Glycochenodeoxycholic Acid","BA","VE303-08"
"Taurochenodeoxycholic.Acid_Screening",0.1,0.0144467821067821,0.0144467821067821,NA,NA,NA,NA,-0.49924341033052,"NC","Taurochenodeoxycholic Acid","BA","VE303-08"
"Abx.group",0.3,0.0339847739297739,0.0333913636363636,0.00082164758125727,NA,NA,NA,0.259615384615385,"C","Abx group","Mic_Class","VE303-08"
"Abx.group",0.1,0.0135249927849928,0.0135249927849928,NA,NA,NA,NA,0.259615384615385,"C","Abx group","Mic_Order","VE303-08"
"Actinomycetales_Screening",1,0.13837827977578,0.146460381007881,0.0102345752960588,NA,NA,NA,-0.00734270759658166,"NC","Actinomycetales","Mic_Order","VE303-08"
"Age",0.8,0.0708127950521699,0.0728220718170716,0.00354599802180895,NA,NA,NA,-8.61057692307692,"NC","Age","Mic_Order","VE303-08"
"Actinomyces_Screening",0.2,0.0801358585858586,0.0801358585858586,0.0365177849927851,NA,NA,NA,-0.00480123707154112,"NC","Actinomyces","Mic_Genus","VE303-08"
"Age",0.5,0.0485689499389498,0.0453849639249639,0.00622504299914654,NA,NA,NA,-8.61057692307692,"NC","Age","Mic_Genus","VE303-08"
"Bacillus_Screening",0.2,0.00245519841269841,0.00245519841269841,0.000206778499278499,NA,NA,NA,7.42850743411979e-06,"C","Bacillus","Mic_Genus","VE303-08"
"Dickeya_Screening",0.2,0.0261134271284272,0.0261134271284272,0.000137943722943706,NA,NA,NA,0.0124881870759619,"C","Dickeya","Mic_Genus","VE303-08"
"Holdemania_Screening",0.2,0.0134670418470419,0.0134670418470419,0.00157637806637806,NA,NA,NA,0.00360403271503481,"C","Holdemania","Mic_Genus","VE303-08"
"uncl_Genus_of_Clostridiales_Screening",0.4,0.155002954545455,0.154911829004329,0.002270847201909,NA,NA,NA,0.0176328806300167,"C","uncl_Genus_of_Clostridiales","Mic_Genus","VE303-08"
"Absiella.sp..HF20_ig1_Screening",0.7,0.0396955143269428,0.0502274098124095,0.00584879614777464,"HF20","Longicatena innocuum","[Clostridium] innocuum_HF20",0.0011465978178226,"C","Clostridium innocuum_HF20","Mic_Species","VE303-08"
"Citrobacter.freundii_Screening",0.1,0.0261809523809524,0.0261809523809524,NA,NA,NA,NA,-0.0106381459209435,"NC","Citrobacter freundii","Mic_Species","VE303-08"
"Lachnospiraceae.bacterium.AM25.17_Screening",1,0.0710892294372293,0.0770810281385281,0.00542038430560421,NA,NA,NA,0.00371333437730399,"C","Lachnospiraceae bacterium AM25 17","Mic_Species","VE303-08"
"Oscillospiraceae.bacterium.VE202.24_Screening",0.1,0.029136378066378,0.029136378066378,NA,NA,NA,NA,0.0010544562676611,"C","Oscillospiraceae bacterium VE202 24","Mic_Species","VE303-08"
"X.Clostridium..sp..VE303.04_Screening",0.9,0.0518099102132434,0.0665268253968251,0.00834223574610295,NA,NA,NA,0.00388495027613124,"C"," Clostridium sp VE303 04","Mic_Species","VE303-08"
"X.Ruminococcus..sp..MP495E3_Screening",0.1,0.0216600000000001,0.0216600000000001,NA,"MP495E3","Ruminococcus_B gnavus","[Ruminococcus] gnavus_MP495E3",0.00108948832793406,"C","Ruminococcus gnavus_MP495E3","Mic_Species","VE303-08"
